<PAMDataset>
  <SRS dataAxisToSRSAxisMapping="1,2">PROJCS["unnamed",GEOGCS["WGS 84",DATUM["WGS_1984",SPHEROID["WGS 84",6378137,298.257223563,AUTHORITY["EPSG","7030"]],AUTHORITY["EPSG","6326"]],PRIMEM["Greenwich",0,AUTHORITY["EPSG","8901"]],UNIT["degree",0.0174532925199433,AUTHORITY["EPSG","9122"]],AUTHORITY["EPSG","4326"]],PROJECTION["Transverse_Mercator"],PARAMETER["latitude_of_origin",0],PARAMETER["central_meridian",105],PARAMETER["scale_factor",0.9996],PARAMETER["false_easting",500000],PARAMETER["false_northing",0],UNIT["METERS",1],AXIS["Easting",EAST],AXIS["Northing",NORTH]]</SRS>
  <PAMRasterBand band="1">
    <Metadata>
      <MDI key="STATISTICS_APPROXIMATE">YES</MDI>
      <MDI key="STATISTICS_MAXIMUM">751.58911132812</MDI>
      <MDI key="STATISTICS_MEAN">185.2136641366</MDI>
      <MDI key="STATISTICS_MINIMUM">-24.663818359375</MDI>
      <MDI key="STATISTICS_STDDEV">108.99737309676</MDI>
      <MDI key="STATISTICS_VALID_PERCENT">51.15</MDI>
    </Metadata>
  </PAMRasterBand>
</PAMDataset>
