<?xml version="1.0" encoding="UTF-8"?>
<metadata xml:lang="de"><Esri><CreaDate>20180928</CreaDate><CreaTime>17085600</CreaTime><SyncOnce>FALSE</SyncOnce><DataProperties><itemProps><itemLocation><linkage Sync="TRUE">file://\\WALSE\C$\Lucci\GEO_403\data\landslides\all_slides_multip</linkage><protocol Sync="TRUE">Local Area Network</protocol></itemLocation><itemName Sync="TRUE">all_slides_multip</itemName><imsContentType Sync="TRUE">002</imsContentType><itemSize Sync="TRUE">0.000</itemSize></itemProps><copyHistory><copy source="C:\Lucci\GEO_403\data\all_slides_multip" dest="\\WALSE\C$\Lucci\GEO_403\data\landslides\all_slides_multip" date="20180928" time="17095100"></copy></copyHistory><coordRef><type Sync="TRUE">Projected</type><geogcsn Sync="TRUE">GCS_WGS_1984</geogcsn><csUnits Sync="TRUE">Linear Unit: Meter (1.000000)</csUnits><projcsn Sync="TRUE">WGS_1984_UTM_Zone_48N</projcsn><peXml Sync="TRUE">&lt;ProjectedCoordinateSystem xsi:type='typens:ProjectedCoordinateSystem' xmlns:xsi='http://www.w3.org/2001/XMLSchema-instance' xmlns:xs='http://www.w3.org/2001/XMLSchema' xmlns:typens='http://www.esri.com/schemas/ArcGIS/10.0'&gt;&lt;WKT&gt;PROJCS[&amp;quot;WGS_1984_UTM_Zone_48N&amp;quot;,GEOGCS[&amp;quot;GCS_WGS_1984&amp;quot;,DATUM[&amp;quot;D_WGS_1984&amp;quot;,SPHEROID[&amp;quot;WGS_1984&amp;quot;,6378137.0,298.257223563]],PRIMEM[&amp;quot;Greenwich&amp;quot;,0.0],UNIT[&amp;quot;Degree&amp;quot;,0.0174532925199433]],PROJECTION[&amp;quot;Transverse_Mercator&amp;quot;],PARAMETER[&amp;quot;False_Easting&amp;quot;,500000.0],PARAMETER[&amp;quot;False_Northing&amp;quot;,0.0],PARAMETER[&amp;quot;Central_Meridian&amp;quot;,105.0],PARAMETER[&amp;quot;Scale_Factor&amp;quot;,0.9996],PARAMETER[&amp;quot;Latitude_Of_Origin&amp;quot;,0.0],UNIT[&amp;quot;Meter&amp;quot;,1.0],AUTHORITY[&amp;quot;EPSG&amp;quot;,32648]]&lt;/WKT&gt;&lt;XOrigin&gt;-5120900&lt;/XOrigin&gt;&lt;YOrigin&gt;-9998100&lt;/YOrigin&gt;&lt;XYScale&gt;450445547.3910538&lt;/XYScale&gt;&lt;ZOrigin&gt;-100000&lt;/ZOrigin&gt;&lt;ZScale&gt;10000&lt;/ZScale&gt;&lt;MOrigin&gt;-100000&lt;/MOrigin&gt;&lt;MScale&gt;10000&lt;/MScale&gt;&lt;XYTolerance&gt;0.001&lt;/XYTolerance&gt;&lt;ZTolerance&gt;0.001&lt;/ZTolerance&gt;&lt;MTolerance&gt;0.001&lt;/MTolerance&gt;&lt;HighPrecision&gt;true&lt;/HighPrecision&gt;&lt;WKID&gt;32648&lt;/WKID&gt;&lt;/ProjectedCoordinateSystem&gt;</peXml></coordRef><lineage><Process ToolSource="c:\program files\arcgis\desktop10.0\ArcToolbox\Toolboxes\Analysis Tools.tbx\Union" Date="20130422" Time="205344">Union "dai_loc_hcm_new #;namgiang #;phucson #;dong_giang_da_nang2 #" D:\Lucci\Landslide\slide\all_4_22.shp ALL # GAPS</Process><Process ToolSource="c:\program files\arcgis\desktop10.0\ArcToolbox\Toolboxes\Analysis Tools.tbx\Buffer" Date="20130423" Time="113006">Buffer Landslides\all_4_22 D:\Lucci\Landslide\slide\all_4_22_buff10.shp "10 Meters" FULL ROUND NONE #</Process><Process ToolSource="c:\program files\arcgis\desktop10.0\ArcToolbox\Toolboxes\Data Management Tools.tbx\Merge" Date="20130530" Time="215246">Merge all_4_22_buff10;kontum;way_to_tay_giang_bu;tra_my_bu;streetslide_all_bu D:\Lucci\Landslide\slide\all_slides.shp "FID_dai_lo "FID_dai_lo" true true false 9 Long 0 9 ,First,#,all_4_22_buff10,FID_dai_lo,-1,-1;ID "ID" true true false 19 Double 0 19 ,First,#,all_4_22_buff10,ID,-1,-1,kontum,ID,-1,-1,way_to_tay_giang_bu,Id,-1,-1,tra_my_bu,Id,-1,-1,streetslide_all_bu,Id,-1,-1;INFO "INFO" true true false 50 Text 0 0 ,First,#,all_4_22_buff10,INFO,-1,-1,kontum,INFO,-1,-1;UNSICHER "UNSICHER" true true false 4 Short 0 4 ,First,#,all_4_22_buff10,UNSICHER,-1,-1,kontum,UNSICHER,-1,-1;OLD "OLD" true true false 4 Short 0 4 ,First,#,all_4_22_buff10,OLD,-1,-1,kontum,OLD,-1,-1;FID_phucso "FID_phucso" true true false 9 Long 0 9 ,First,#,all_4_22_buff10,FID_phucso,-1,-1;ID_1 "ID_1" true true false 19 Double 0 19 ,First,#,all_4_22_buff10,ID_1,-1,-1;INFO_1 "INFO_1" true true false 50 Text 0 0 ,First,#,all_4_22_buff10,INFO_1,-1,-1;UNSICHER_1 "UNSICHER_1" true true false 4 Short 0 4 ,First,#,all_4_22_buff10,UNSICHER_1,-1,-1;OLD_1 "OLD_1" true true false 4 Short 0 4 ,First,#,all_4_22_buff10,OLD_1,-1,-1;FID_dong_g "FID_dong_g" true true false 9 Long 0 9 ,First,#,all_4_22_buff10,FID_dong_g,-1,-1;ID_12 "ID_12" true true false 6 Long 0 6 ,First,#,all_4_22_buff10,ID_12,-1,-1;INFO_12 "INFO_12" true true false 50 Text 0 0 ,First,#,all_4_22_buff10,INFO_12,-1,-1;OLD_12 "OLD_12" true true false 3 Short 0 3 ,First,#,all_4_22_buff10,OLD_12,-1,-1;UNSICHER_2 "UNSICHER_2" true true false 3 Short 0 3 ,First,#,all_4_22_buff10,UNSICHER_2,-1,-1;FID_namgia "FID_namgia" true true false 9 Long 0 9 ,First,#,all_4_22_buff10,FID_namgia,-1,-1;ID_12_13 "ID_12_13" true true false 19 Double 0 19 ,First,#,all_4_22_buff10,ID_12_13,-1,-1;INFO_12_13 "INFO_12_13" true true false 50 Text 0 0 ,First,#,all_4_22_buff10,INFO_12_13,-1,-1;UNSICHER_3 "UNSICHER_3" true true false 4 Short 0 4 ,First,#,all_4_22_buff10,UNSICHER_3,-1,-1;OLD_12_13 "OLD_12_13" true true false 4 Short 0 4 ,First,#,all_4_22_buff10,OLD_12_13,-1,-1;BUFF_DIST "BUFF_DIST" true true false 19 Double 0 0 ,First,#,all_4_22_buff10,BUFF_DIST,-1,-1;area "area" true true false 11 Double 4 10 ,First,#,kontum,area,-1,-1"</Process><Process ToolSource="c:\program files\arcgis\desktop10.0\ArcToolbox\Toolboxes\Data Management Tools.tbx\MultipartToSinglepart" Date="20130530" Time="215715">MultipartToSinglepart all_slides D:\Lucci\Landslide\slide\all_slides_singlep.shp</Process><Process ToolSource="c:\program files\arcgis\desktop10.0\ArcToolbox\Toolboxes\Data Management Tools.tbx\Dissolve" Date="20130601" Time="153457">Dissolve all_slides_singlep D:\Lucci\Landslide\slide\all_slides_multip.shp ID # MULTI_PART DISSOLVE_LINES</Process></lineage></DataProperties><SyncDate>20130601</SyncDate><SyncTime>15345500</SyncTime><ModDate>20130601</ModDate><ModTime>15345500</ModTime></Esri><dataIdInfo><envirDesc Sync="TRUE">Microsoft Windows Vista Version 6.0 (Build 6002) Service Pack 2; ESRI ArcGIS 10.0.5.4400</envirDesc><dataLang><languageCode value="deu" Sync="TRUE"></languageCode><countryCode value="DEU" Sync="TRUE"></countryCode></dataLang><idCitation><resTitle Sync="TRUE">all_slides_multip</resTitle><presForm><PresFormCd value="005" Sync="TRUE"></PresFormCd></presForm></idCitation><spatRpType><SpatRepTypCd value="001" Sync="TRUE"></SpatRepTypCd></spatRpType></dataIdInfo><mdLang><languageCode value="deu" Sync="TRUE"></languageCode><countryCode value="DEU" Sync="TRUE"></countryCode></mdLang><mdChar><CharSetCd value="004" Sync="TRUE"></CharSetCd></mdChar><distInfo><distFormat><formatName Sync="TRUE">Shapefile</formatName></distFormat><distTranOps><transSize Sync="TRUE">0.000</transSize></distTranOps></distInfo><mdHrLv><ScopeCd value="005" Sync="TRUE"></ScopeCd></mdHrLv><mdHrLvName Sync="TRUE">dataset</mdHrLvName><refSysInfo><RefSystem><refSysID><identCode code="32648" Sync="TRUE" value="32648"></identCode><idCodeSpace Sync="TRUE">EPSG</idCodeSpace><idVersion Sync="TRUE">7.4.1</idVersion></refSysID></RefSystem></refSysInfo><spatRepInfo><VectSpatRep><geometObjs Name="all_slides_multip"><geoObjTyp><GeoObjTypCd value="002" Sync="TRUE"></GeoObjTypCd></geoObjTyp><geoObjCnt Sync="TRUE">0</geoObjCnt></geometObjs><topLvl><TopoLevCd value="001" Sync="TRUE"></TopoLevCd></topLvl></VectSpatRep></spatRepInfo><spdoinfo><ptvctinf><esriterm><efeatyp Sync="TRUE">Simple</efeatyp><efeageom code="4" Sync="TRUE"></efeageom><esritopo Sync="TRUE">FALSE</esritopo><efeacnt Sync="TRUE">0</efeacnt><spindex Sync="TRUE">FALSE</spindex><linrefer Sync="TRUE">FALSE</linrefer></esriterm></ptvctinf></spdoinfo><eainfo><detailed Name="all_slides_multip"><enttyp><enttypl Sync="TRUE">all_slides_multip</enttypl><enttypt Sync="TRUE">Feature Class</enttypt><enttypc Sync="TRUE">0</enttypc></enttyp><attr><attrlabl Sync="TRUE">FID</attrlabl><attalias Sync="TRUE">FID</attalias><attrtype Sync="TRUE">OID</attrtype><attwidth Sync="TRUE">4</attwidth><atprecis Sync="TRUE">0</atprecis><attscale Sync="TRUE">0</attscale><attrdef Sync="TRUE">Internal feature number.</attrdef><attrdefs Sync="TRUE">ESRI</attrdefs><attrdomv><udom Sync="TRUE">Sequential unique whole numbers that are automatically generated.</udom></attrdomv></attr><attr><attrlabl Sync="TRUE">Shape</attrlabl><attalias Sync="TRUE">Shape</attalias><attrtype Sync="TRUE">Geometry</attrtype><attwidth Sync="TRUE">0</attwidth><atprecis Sync="TRUE">0</atprecis><attscale Sync="TRUE">0</attscale><attrdef Sync="TRUE">Feature geometry.</attrdef><attrdefs Sync="TRUE">ESRI</attrdefs><attrdomv><udom Sync="TRUE">Coordinates defining the features.</udom></attrdomv></attr><attr><attrlabl Sync="TRUE">ID</attrlabl><attalias Sync="TRUE">ID</attalias><attrtype Sync="TRUE">Double</attrtype><attwidth Sync="TRUE">19</attwidth><atprecis Sync="TRUE">19</atprecis><attscale Sync="TRUE">0</attscale></attr></detailed></eainfo><mdDateSt Sync="TRUE">20130601</mdDateSt></metadata>
