<?xml version="1.0" encoding="UTF-8"?>
<metadata xml:lang="de"><Esri><CreaDate>20180930</CreaDate><CreaTime>20515200</CreaTime><ArcGISFormat>1.0</ArcGISFormat><SyncOnce>FALSE</SyncOnce><DataProperties><itemProps><itemName Sync="TRUE">all</itemName><imsContentType Sync="TRUE">002</imsContentType><itemSize Sync="TRUE">0.000</itemSize><itemLocation><linkage Sync="TRUE">file://\\WALSE\C$\Lucci\GEO_403\data\all_single2</linkage><protocol Sync="TRUE">Local Area Network</protocol></itemLocation></itemProps><coordRef><type Sync="TRUE">Geographic</type><geogcsn Sync="TRUE">GCS_WGS_1984</geogcsn><csUnits Sync="TRUE">Angular Unit: Degree (0.017453)</csUnits><peXml Sync="TRUE">&lt;GeographicCoordinateSystem xsi:type='typens:GeographicCoordinateSystem' xmlns:xsi='http://www.w3.org/2001/XMLSchema-instance' xmlns:xs='http://www.w3.org/2001/XMLSchema' xmlns:typens='http://www.esri.com/schemas/ArcGIS/10.0'&gt;&lt;WKT&gt;GEOGCS[&amp;quot;GCS_WGS_1984&amp;quot;,DATUM[&amp;quot;D_WGS_1984&amp;quot;,SPHEROID[&amp;quot;WGS_1984&amp;quot;,6378137.0,298.257223563]],PRIMEM[&amp;quot;Greenwich&amp;quot;,0.0],UNIT[&amp;quot;Degree&amp;quot;,0.0174532925199433],AUTHORITY[&amp;quot;EPSG&amp;quot;,4326]]&lt;/WKT&gt;&lt;XOrigin&gt;-399.99999999999989&lt;/XOrigin&gt;&lt;YOrigin&gt;-399.99999999999989&lt;/YOrigin&gt;&lt;XYScale&gt;11258999068426.24&lt;/XYScale&gt;&lt;ZOrigin&gt;-100000&lt;/ZOrigin&gt;&lt;ZScale&gt;10000&lt;/ZScale&gt;&lt;MOrigin&gt;-100000&lt;/MOrigin&gt;&lt;MScale&gt;10000&lt;/MScale&gt;&lt;XYTolerance&gt;8.9831528411952133e-009&lt;/XYTolerance&gt;&lt;ZTolerance&gt;0.001&lt;/ZTolerance&gt;&lt;MTolerance&gt;0.001&lt;/MTolerance&gt;&lt;HighPrecision&gt;true&lt;/HighPrecision&gt;&lt;LeftLongitude&gt;-180&lt;/LeftLongitude&gt;&lt;WKID&gt;4326&lt;/WKID&gt;&lt;/GeographicCoordinateSystem&gt;</peXml></coordRef><lineage><Process ToolSource="c:\program files\arcgis\desktop10.0\ArcToolbox\Toolboxes\Data Management Tools.tbx\Merge" Date="20130524" Time="181702">Merge Da_Nang_27_03;Da_Nang_II_28_03;Gewässerrunde_GR_06.05.;Gewässerrunde_KL_08.05.;Gewässerrunde_KL_14.04.;'Dai Loc_Ho Chi Minh North_01.04.';Dong_Giang_25_03;fucking_valley;Gewässerrunde_GR_15.04.;'Kon Tum';'Nam Giang_17.04.';'Nam Tra My_Bac Tra My';'Phuc Son_20.04.';Tay_Giang D:\Lucci\Landslide\tracks\shp\all.shp "LABEL "LABEL" true true false 255 Text 0 0 ,First,#,Da_Nang_27_03,LABEL,-1,-1,Dong_Giang_25_03,LABEL,-1,-1;NOTES "NOTES" true true false 255 Text 0 0 ,First,#,Da_Nang_27_03,NOTES,-1,-1,Dong_Giang_25_03,NOTES,-1,-1;NAME "NAME" true true false 255 Text 0 0 ,First,#,Da_Nang_27_03,NAME,-1,-1,Dong_Giang_25_03,NAME,-1,-1;TYPE "TYPE" true true false 255 Text 0 0 ,First,#,Da_Nang_27_03,TYPE,-1,-1,Da_Nang_II_28_03,type,-1,-1,Gewässerrunde_GR_06.05.,type,-1,-1,Gewässerrunde_KL_08.05.,type,-1,-1,Gewässerrunde_KL_14.04.,type,-1,-1,Dai Loc_Ho Chi Minh North_01.04.,type,-1,-1,Dong_Giang_25_03,TYPE,-1,-1,fucking_valley,type,-1,-1,Gewässerrunde_GR_15.04.,type,-1,-1,Kon Tum,type,-1,-1,Nam Giang_17.04.,type,-1,-1,Nam Tra My_Bac Tra My,type,-1,-1,Phuc Son_20.04.,type,-1,-1,Tay_Giang,type,-1,-1;tident "tident" true true false 24 Text 0 0 ,First,#,Da_Nang_II_28_03,tident,-1,-1,Gewässerrunde_GR_06.05.,tident,-1,-1,Gewässerrunde_KL_08.05.,tident,-1,-1,Gewässerrunde_KL_14.04.,tident,-1,-1,Dai Loc_Ho Chi Minh North_01.04.,tident,-1,-1,fucking_valley,tident,-1,-1,Gewässerrunde_GR_15.04.,tident,-1,-1,Kon Tum,tident,-1,-1,Nam Giang_17.04.,tident,-1,-1,Nam Tra My_Bac Tra My,tident,-1,-1,Phuc Son_20.04.,tident,-1,-1,Tay_Giang,tident,-1,-1;ident "ident" true true false 24 Text 0 0 ,First,#,Da_Nang_II_28_03,ident,-1,-1,Gewässerrunde_GR_06.05.,ident,-1,-1,Gewässerrunde_KL_08.05.,ident,-1,-1,Gewässerrunde_KL_14.04.,ident,-1,-1,Dai Loc_Ho Chi Minh North_01.04.,ident,-1,-1,fucking_valley,ident,-1,-1,Gewässerrunde_GR_15.04.,ident,-1,-1,Kon Tum,ident,-1,-1,Nam Giang_17.04.,ident,-1,-1,Nam Tra My_Bac Tra My,ident,-1,-1,Phuc Son_20.04.,ident,-1,-1,Tay_Giang,ident,-1,-1;Latitude "Latitude" true true false 18 Double 8 17 ,First,#,Da_Nang_II_28_03,Latitude,-1,-1,Gewässerrunde_GR_06.05.,Latitude,-1,-1,Gewässerrunde_KL_08.05.,Latitude,-1,-1,Gewässerrunde_KL_14.04.,Latitude,-1,-1,Dai Loc_Ho Chi Minh North_01.04.,Latitude,-1,-1,fucking_valley,Latitude,-1,-1,Gewässerrunde_GR_15.04.,Latitude,-1,-1,Kon Tum,Latitude,-1,-1,Nam Giang_17.04.,Latitude,-1,-1,Nam Tra My_Bac Tra My,Latitude,-1,-1,Phuc Son_20.04.,Latitude,-1,-1,Tay_Giang,Latitude,-1,-1;Longitude "Longitude" true true false 18 Double 8 17 ,First,#,Da_Nang_II_28_03,Longitude,-1,-1,Gewässerrunde_GR_06.05.,Longitude,-1,-1,Gewässerrunde_KL_08.05.,Longitude,-1,-1,Gewässerrunde_KL_14.04.,Longitude,-1,-1,Dai Loc_Ho Chi Minh North_01.04.,Longitude,-1,-1,fucking_valley,Longitude,-1,-1,Gewässerrunde_GR_15.04.,Longitude,-1,-1,Kon Tum,Longitude,-1,-1,Nam Giang_17.04.,Longitude,-1,-1,Nam Tra My_Bac Tra My,Longitude,-1,-1,Phuc Son_20.04.,Longitude,-1,-1,Tay_Giang,Longitude,-1,-1;y_proj "y_proj" true true false 18 Double 8 17 ,First,#,Da_Nang_II_28_03,y_proj,-1,-1,Gewässerrunde_GR_06.05.,y_proj,-1,-1,Gewässerrunde_KL_08.05.,y_proj,-1,-1,Gewässerrunde_KL_14.04.,y_proj,-1,-1,Dai Loc_Ho Chi Minh North_01.04.,y_proj,-1,-1,fucking_valley,y_proj,-1,-1,Gewässerrunde_GR_15.04.,y_proj,-1,-1,Kon Tum,y_proj,-1,-1,Nam Giang_17.04.,y_proj,-1,-1,Nam Tra My_Bac Tra My,y_proj,-1,-1,Phuc Son_20.04.,y_proj,-1,-1,Tay_Giang,y_proj,-1,-1;x_proj "x_proj" true true false 18 Double 8 17 ,First,#,Da_Nang_II_28_03,x_proj,-1,-1,Gewässerrunde_GR_06.05.,x_proj,-1,-1,Gewässerrunde_KL_08.05.,x_proj,-1,-1,Gewässerrunde_KL_14.04.,x_proj,-1,-1,Dai Loc_Ho Chi Minh North_01.04.,x_proj,-1,-1,fucking_valley,x_proj,-1,-1,Gewässerrunde_GR_15.04.,x_proj,-1,-1,Kon Tum,x_proj,-1,-1,Nam Giang_17.04.,x_proj,-1,-1,Nam Tra My_Bac Tra My,x_proj,-1,-1,Phuc Son_20.04.,x_proj,-1,-1,Tay_Giang,x_proj,-1,-1;comment "comment" true true false 254 Text 0 0 ,First,#,Da_Nang_II_28_03,comment,-1,-1,Gewässerrunde_GR_06.05.,comment,-1,-1,Gewässerrunde_KL_08.05.,comment,-1,-1,Gewässerrunde_KL_14.04.,comment,-1,-1,Dai Loc_Ho Chi Minh North_01.04.,comment,-1,-1,fucking_valley,comment,-1,-1,Gewässerrunde_GR_15.04.,comment,-1,-1,Kon Tum,comment,-1,-1,Nam Giang_17.04.,comment,-1,-1,Nam Tra My_Bac Tra My,comment,-1,-1,Phuc Son_20.04.,comment,-1,-1,Tay_Giang,comment,-1,-1;new_trk "new_trk" true true false 10 Text 0 0 ,First,#,Da_Nang_II_28_03,new_trk,-1,-1,Gewässerrunde_GR_06.05.,new_trk,-1,-1,Gewässerrunde_KL_08.05.,new_trk,-1,-1,Gewässerrunde_KL_14.04.,new_trk,-1,-1,Dai Loc_Ho Chi Minh North_01.04.,new_trk,-1,-1,fucking_valley,new_trk,-1,-1,Gewässerrunde_GR_15.04.,new_trk,-1,-1,Kon Tum,new_trk,-1,-1,Nam Giang_17.04.,new_trk,-1,-1,Nam Tra My_Bac Tra My,new_trk,-1,-1,Phuc Son_20.04.,new_trk,-1,-1,Tay_Giang,new_trk,-1,-1;new_seg "new_seg" true true false 10 Text 0 0 ,First,#,Da_Nang_II_28_03,new_seg,-1,-1,Gewässerrunde_GR_06.05.,new_seg,-1,-1,Gewässerrunde_KL_08.05.,new_seg,-1,-1,Gewässerrunde_KL_14.04.,new_seg,-1,-1,Dai Loc_Ho Chi Minh North_01.04.,new_seg,-1,-1,fucking_valley,new_seg,-1,-1,Gewässerrunde_GR_15.04.,new_seg,-1,-1,Kon Tum,new_seg,-1,-1,Nam Giang_17.04.,new_seg,-1,-1,Nam Tra My_Bac Tra My,new_seg,-1,-1,Phuc Son_20.04.,new_seg,-1,-1,Tay_Giang,new_seg,-1,-1;display "display" true true false 10 Text 0 0 ,First,#,Da_Nang_II_28_03,display,-1,-1,Gewässerrunde_GR_06.05.,display,-1,-1,Gewässerrunde_KL_08.05.,display,-1,-1,Gewässerrunde_KL_14.04.,display,-1,-1,Dai Loc_Ho Chi Minh North_01.04.,display,-1,-1,fucking_valley,display,-1,-1,Gewässerrunde_GR_15.04.,display,-1,-1,Kon Tum,display,-1,-1,Nam Giang_17.04.,display,-1,-1,Nam Tra My_Bac Tra My,display,-1,-1,Phuc Son_20.04.,display,-1,-1,Tay_Giang,display,-1,-1;color "color" true true false 10 Text 0 0 ,First,#,Da_Nang_II_28_03,color,-1,-1,Gewässerrunde_GR_06.05.,color,-1,-1,Gewässerrunde_KL_08.05.,color,-1,-1,Gewässerrunde_KL_14.04.,color,-1,-1,Dai Loc_Ho Chi Minh North_01.04.,color,-1,-1,fucking_valley,color,-1,-1,Gewässerrunde_GR_15.04.,color,-1,-1,Kon Tum,color,-1,-1,Nam Giang_17.04.,color,-1,-1,Nam Tra My_Bac Tra My,color,-1,-1,Phuc Son_20.04.,color,-1,-1,Tay_Giang,color,-1,-1;altitude "altitude" true true false 12 Double 2 11 ,First,#,Da_Nang_II_28_03,altitude,-1,-1,Gewässerrunde_GR_06.05.,altitude,-1,-1,Gewässerrunde_KL_08.05.,altitude,-1,-1,Gewässerrunde_KL_14.04.,altitude,-1,-1,Dai Loc_Ho Chi Minh North_01.04.,altitude,-1,-1,fucking_valley,altitude,-1,-1,Gewässerrunde_GR_15.04.,altitude,-1,-1,Kon Tum,altitude,-1,-1,Nam Giang_17.04.,altitude,-1,-1,Nam Tra My_Bac Tra My,altitude,-1,-1,Phuc Son_20.04.,altitude,-1,-1,Tay_Giang,altitude,-1,-1;depth "depth" true true false 12 Double 2 11 ,First,#,Da_Nang_II_28_03,depth,-1,-1,Gewässerrunde_GR_06.05.,depth,-1,-1,Gewässerrunde_KL_08.05.,depth,-1,-1,Gewässerrunde_KL_14.04.,depth,-1,-1,Dai Loc_Ho Chi Minh North_01.04.,depth,-1,-1,fucking_valley,depth,-1,-1,Gewässerrunde_GR_15.04.,depth,-1,-1,Kon Tum,depth,-1,-1,Nam Giang_17.04.,depth,-1,-1,Nam Tra My_Bac Tra My,depth,-1,-1,Phuc Son_20.04.,depth,-1,-1,Tay_Giang,depth,-1,-1;temp "temp" true true false 12 Double 2 11 ,First,#,Da_Nang_II_28_03,temp,-1,-1,Gewässerrunde_GR_06.05.,temp,-1,-1,Gewässerrunde_KL_08.05.,temp,-1,-1,Gewässerrunde_KL_14.04.,temp,-1,-1,Dai Loc_Ho Chi Minh North_01.04.,temp,-1,-1,fucking_valley,temp,-1,-1,Gewässerrunde_GR_15.04.,temp,-1,-1,Kon Tum,temp,-1,-1,Nam Giang_17.04.,temp,-1,-1,Nam Tra My_Bac Tra My,temp,-1,-1,Phuc Son_20.04.,temp,-1,-1,Tay_Giang,temp,-1,-1;time "time" true true false 20 Text 0 0 ,First,#,Da_Nang_II_28_03,time,-1,-1,Gewässerrunde_GR_06.05.,time,-1,-1,Gewässerrunde_KL_08.05.,time,-1,-1,Gewässerrunde_KL_14.04.,time,-1,-1,Dai Loc_Ho Chi Minh North_01.04.,time,-1,-1,fucking_valley,time,-1,-1,Gewässerrunde_GR_15.04.,time,-1,-1,Kon Tum,time,-1,-1,Nam Giang_17.04.,time,-1,-1,Nam Tra My_Bac Tra My,time,-1,-1,Phuc Son_20.04.,time,-1,-1,Tay_Giang,time,-1,-1;model "model" true true false 20 Text 0 0 ,First,#,Da_Nang_II_28_03,model,-1,-1,Gewässerrunde_GR_06.05.,model,-1,-1,Gewässerrunde_KL_08.05.,model,-1,-1,Gewässerrunde_KL_14.04.,model,-1,-1,Dai Loc_Ho Chi Minh North_01.04.,model,-1,-1,fucking_valley,model,-1,-1,Gewässerrunde_GR_15.04.,model,-1,-1,Kon Tum,model,-1,-1,Nam Giang_17.04.,model,-1,-1,Nam Tra My_Bac Tra My,model,-1,-1,Phuc Son_20.04.,model,-1,-1,Tay_Giang,model,-1,-1;filename "filename" true true false 254 Text 0 0 ,First,#,Da_Nang_II_28_03,filename,-1,-1,Gewässerrunde_GR_06.05.,filename,-1,-1,Gewässerrunde_KL_08.05.,filename,-1,-1,Gewässerrunde_KL_14.04.,filename,-1,-1,Dai Loc_Ho Chi Minh North_01.04.,filename,-1,-1,fucking_valley,filename,-1,-1,Gewässerrunde_GR_15.04.,filename,-1,-1,Kon Tum,filename,-1,-1,Nam Giang_17.04.,filename,-1,-1,Nam Tra My_Bac Tra My,filename,-1,-1,Phuc Son_20.04.,filename,-1,-1,Tay_Giang,filename,-1,-1;ltime "ltime" true true false 20 Text 0 0 ,First,#,Da_Nang_II_28_03,ltime,-1,-1,Gewässerrunde_GR_06.05.,ltime,-1,-1,Gewässerrunde_KL_08.05.,ltime,-1,-1,Gewässerrunde_KL_14.04.,ltime,-1,-1,Dai Loc_Ho Chi Minh North_01.04.,ltime,-1,-1,fucking_valley,ltime,-1,-1,Gewässerrunde_GR_15.04.,ltime,-1,-1,Kon Tum,ltime,-1,-1,Nam Giang_17.04.,ltime,-1,-1,Nam Tra My_Bac Tra My,ltime,-1,-1,Phuc Son_20.04.,ltime,-1,-1,Tay_Giang,ltime,-1,-1;desc_ "desc_" true true false 254 Text 0 0 ,First,#,Da_Nang_II_28_03,desc,-1,-1,Gewässerrunde_GR_06.05.,desc,-1,-1,Gewässerrunde_KL_08.05.,desc,-1,-1,Gewässerrunde_KL_14.04.,desc,-1,-1,Dai Loc_Ho Chi Minh North_01.04.,desc,-1,-1,fucking_valley,desc,-1,-1,Gewässerrunde_GR_15.04.,desc,-1,-1,Kon Tum,desc,-1,-1,Nam Giang_17.04.,desc,-1,-1,Nam Tra My_Bac Tra My,desc,-1,-1,Phuc Son_20.04.,desc,-1,-1,Tay_Giang,desc,-1,-1;link "link" true true false 254 Text 0 0 ,First,#,Da_Nang_II_28_03,link,-1,-1,Gewässerrunde_GR_06.05.,link,-1,-1,Gewässerrunde_KL_08.05.,link,-1,-1,Gewässerrunde_KL_14.04.,link,-1,-1,Dai Loc_Ho Chi Minh North_01.04.,link,-1,-1,fucking_valley,link,-1,-1,Gewässerrunde_GR_15.04.,link,-1,-1,Kon Tum,link,-1,-1,Nam Giang_17.04.,link,-1,-1,Nam Tra My_Bac Tra My,link,-1,-1,Phuc Son_20.04.,link,-1,-1,Tay_Giang,link,-1,-1"</Process></lineage><copyHistory><copy source="C:\Lucci\Landslide\tracks\shp\all_single2" dest="\\WALSE\C$\Lucci\GEO_403\data\all_single2" date="20180930" time="20515200"></copy></copyHistory></DataProperties><SyncDate>20130524</SyncDate><SyncTime>18165900</SyncTime><ModDate>20130524</ModDate><ModTime>18165900</ModTime></Esri><dataIdInfo><envirDesc Sync="TRUE">Microsoft Windows Vista Version 6.0 (Build 6002) Service Pack 2; ESRI ArcGIS 10.0.5.4400</envirDesc><dataLang><languageCode value="deu" Sync="TRUE"></languageCode><countryCode value="DEU" Sync="TRUE"></countryCode></dataLang><idCitation><resTitle Sync="TRUE">all</resTitle><presForm><PresFormCd value="005" Sync="TRUE"></PresFormCd></presForm></idCitation><spatRpType><SpatRepTypCd value="001" Sync="TRUE"></SpatRepTypCd></spatRpType></dataIdInfo><mdLang><languageCode value="deu" Sync="TRUE"></languageCode><countryCode value="DEU" Sync="TRUE"></countryCode></mdLang><mdChar><CharSetCd value="004" Sync="TRUE"></CharSetCd></mdChar><distInfo><distFormat><formatName Sync="TRUE">Shapefile</formatName></distFormat><distTranOps><transSize Sync="TRUE">0.000</transSize></distTranOps></distInfo><mdHrLv><ScopeCd value="005" Sync="TRUE"></ScopeCd></mdHrLv><mdHrLvName Sync="TRUE">dataset</mdHrLvName><refSysInfo><RefSystem><refSysID><identCode code="4326" Sync="TRUE"></identCode><idCodeSpace Sync="TRUE">EPSG</idCodeSpace><idVersion Sync="TRUE">7.4.1</idVersion></refSysID></RefSystem></refSysInfo><spatRepInfo><VectSpatRep><geometObjs Name="all"><geoObjTyp><GeoObjTypCd value="002" Sync="TRUE"></GeoObjTypCd></geoObjTyp><geoObjCnt Sync="TRUE">0</geoObjCnt></geometObjs><topLvl><TopoLevCd value="001" Sync="TRUE"></TopoLevCd></topLvl></VectSpatRep></spatRepInfo><spdoinfo><ptvctinf><esriterm><efeatyp Sync="TRUE">Simple</efeatyp><efeageom code="3" Sync="TRUE"></efeageom><esritopo Sync="TRUE">FALSE</esritopo><efeacnt Sync="TRUE">0</efeacnt><spindex Sync="TRUE">FALSE</spindex><linrefer Sync="TRUE">TRUE</linrefer></esriterm></ptvctinf></spdoinfo><eainfo><detailed Name="all"><enttyp><enttypl Sync="TRUE">all</enttypl><enttypt Sync="TRUE">Feature Class</enttypt><enttypc Sync="TRUE">0</enttypc></enttyp><attr><attrlabl Sync="TRUE">FID</attrlabl><attalias Sync="TRUE">FID</attalias><attrtype Sync="TRUE">OID</attrtype><attwidth Sync="TRUE">4</attwidth><atprecis Sync="TRUE">0</atprecis><attscale Sync="TRUE">0</attscale><attrdef Sync="TRUE">Internal feature number.</attrdef><attrdefs Sync="TRUE">ESRI</attrdefs><attrdomv><udom Sync="TRUE">Sequential unique whole numbers that are automatically generated.</udom></attrdomv></attr><attr><attrlabl Sync="TRUE">Shape</attrlabl><attalias Sync="TRUE">Shape</attalias><attrtype Sync="TRUE">Geometry</attrtype><attwidth Sync="TRUE">0</attwidth><atprecis Sync="TRUE">0</atprecis><attscale Sync="TRUE">0</attscale><attrdef Sync="TRUE">Feature geometry.</attrdef><attrdefs Sync="TRUE">ESRI</attrdefs><attrdomv><udom Sync="TRUE">Coordinates defining the features.</udom></attrdomv></attr><attr><attrlabl Sync="TRUE">LABEL</attrlabl><attalias Sync="TRUE">LABEL</attalias><attrtype Sync="TRUE">String</attrtype><attwidth Sync="TRUE">254</attwidth><atprecis Sync="TRUE">0</atprecis><attscale Sync="TRUE">0</attscale></attr><attr><attrlabl Sync="TRUE">NOTES</attrlabl><attalias Sync="TRUE">NOTES</attalias><attrtype Sync="TRUE">String</attrtype><attwidth Sync="TRUE">254</attwidth><atprecis Sync="TRUE">0</atprecis><attscale Sync="TRUE">0</attscale></attr><attr><attrlabl Sync="TRUE">NAME</attrlabl><attalias Sync="TRUE">NAME</attalias><attrtype Sync="TRUE">String</attrtype><attwidth Sync="TRUE">254</attwidth><atprecis Sync="TRUE">0</atprecis><attscale Sync="TRUE">0</attscale></attr><attr><attrlabl Sync="TRUE">TYPE</attrlabl><attalias Sync="TRUE">TYPE</attalias><attrtype Sync="TRUE">String</attrtype><attwidth Sync="TRUE">254</attwidth><atprecis Sync="TRUE">0</atprecis><attscale Sync="TRUE">0</attscale></attr><attr><attrlabl Sync="TRUE">tident</attrlabl><attalias Sync="TRUE">tident</attalias><attrtype Sync="TRUE">String</attrtype><attwidth Sync="TRUE">24</attwidth><atprecis Sync="TRUE">0</atprecis><attscale Sync="TRUE">0</attscale></attr><attr><attrlabl Sync="TRUE">ident</attrlabl><attalias Sync="TRUE">ident</attalias><attrtype Sync="TRUE">String</attrtype><attwidth Sync="TRUE">24</attwidth><atprecis Sync="TRUE">0</atprecis><attscale Sync="TRUE">0</attscale></attr><attr><attrlabl Sync="TRUE">Latitude</attrlabl><attalias Sync="TRUE">Latitude</attalias><attrtype Sync="TRUE">Double</attrtype><attwidth Sync="TRUE">18</attwidth><atprecis Sync="TRUE">17</atprecis><attscale Sync="TRUE">8</attscale></attr><attr><attrlabl Sync="TRUE">Longitude</attrlabl><attalias Sync="TRUE">Longitude</attalias><attrtype Sync="TRUE">Double</attrtype><attwidth Sync="TRUE">18</attwidth><atprecis Sync="TRUE">17</atprecis><attscale Sync="TRUE">8</attscale></attr><attr><attrlabl Sync="TRUE">y_proj</attrlabl><attalias Sync="TRUE">y_proj</attalias><attrtype Sync="TRUE">Double</attrtype><attwidth Sync="TRUE">18</attwidth><atprecis Sync="TRUE">17</atprecis><attscale Sync="TRUE">8</attscale></attr><attr><attrlabl Sync="TRUE">x_proj</attrlabl><attalias Sync="TRUE">x_proj</attalias><attrtype Sync="TRUE">Double</attrtype><attwidth Sync="TRUE">18</attwidth><atprecis Sync="TRUE">17</atprecis><attscale Sync="TRUE">8</attscale></attr><attr><attrlabl Sync="TRUE">comment</attrlabl><attalias Sync="TRUE">comment</attalias><attrtype Sync="TRUE">String</attrtype><attwidth Sync="TRUE">254</attwidth><atprecis Sync="TRUE">0</atprecis><attscale Sync="TRUE">0</attscale></attr><attr><attrlabl Sync="TRUE">new_trk</attrlabl><attalias Sync="TRUE">new_trk</attalias><attrtype Sync="TRUE">String</attrtype><attwidth Sync="TRUE">10</attwidth><atprecis Sync="TRUE">0</atprecis><attscale Sync="TRUE">0</attscale></attr><attr><attrlabl Sync="TRUE">new_seg</attrlabl><attalias Sync="TRUE">new_seg</attalias><attrtype Sync="TRUE">String</attrtype><attwidth Sync="TRUE">10</attwidth><atprecis Sync="TRUE">0</atprecis><attscale Sync="TRUE">0</attscale></attr><attr><attrlabl Sync="TRUE">display</attrlabl><attalias Sync="TRUE">display</attalias><attrtype Sync="TRUE">String</attrtype><attwidth Sync="TRUE">10</attwidth><atprecis Sync="TRUE">0</atprecis><attscale Sync="TRUE">0</attscale></attr><attr><attrlabl Sync="TRUE">color</attrlabl><attalias Sync="TRUE">color</attalias><attrtype Sync="TRUE">String</attrtype><attwidth Sync="TRUE">10</attwidth><atprecis Sync="TRUE">0</atprecis><attscale Sync="TRUE">0</attscale></attr><attr><attrlabl Sync="TRUE">altitude</attrlabl><attalias Sync="TRUE">altitude</attalias><attrtype Sync="TRUE">Double</attrtype><attwidth Sync="TRUE">12</attwidth><atprecis Sync="TRUE">11</atprecis><attscale Sync="TRUE">2</attscale></attr><attr><attrlabl Sync="TRUE">depth</attrlabl><attalias Sync="TRUE">depth</attalias><attrtype Sync="TRUE">Double</attrtype><attwidth Sync="TRUE">12</attwidth><atprecis Sync="TRUE">11</atprecis><attscale Sync="TRUE">2</attscale></attr><attr><attrlabl Sync="TRUE">temp</attrlabl><attalias Sync="TRUE">temp</attalias><attrtype Sync="TRUE">Double</attrtype><attwidth Sync="TRUE">12</attwidth><atprecis Sync="TRUE">11</atprecis><attscale Sync="TRUE">2</attscale></attr><attr><attrlabl Sync="TRUE">time</attrlabl><attalias Sync="TRUE">time</attalias><attrtype Sync="TRUE">String</attrtype><attwidth Sync="TRUE">20</attwidth><atprecis Sync="TRUE">0</atprecis><attscale Sync="TRUE">0</attscale></attr><attr><attrlabl Sync="TRUE">model</attrlabl><attalias Sync="TRUE">model</attalias><attrtype Sync="TRUE">String</attrtype><attwidth Sync="TRUE">20</attwidth><atprecis Sync="TRUE">0</atprecis><attscale Sync="TRUE">0</attscale></attr><attr><attrlabl Sync="TRUE">filename</attrlabl><attalias Sync="TRUE">filename</attalias><attrtype Sync="TRUE">String</attrtype><attwidth Sync="TRUE">254</attwidth><atprecis Sync="TRUE">0</atprecis><attscale Sync="TRUE">0</attscale></attr><attr><attrlabl Sync="TRUE">ltime</attrlabl><attalias Sync="TRUE">ltime</attalias><attrtype Sync="TRUE">String</attrtype><attwidth Sync="TRUE">20</attwidth><atprecis Sync="TRUE">0</atprecis><attscale Sync="TRUE">0</attscale></attr><attr><attrlabl Sync="TRUE">desc_</attrlabl><attalias Sync="TRUE">desc_</attalias><attrtype Sync="TRUE">String</attrtype><attwidth Sync="TRUE">254</attwidth><atprecis Sync="TRUE">0</atprecis><attscale Sync="TRUE">0</attscale></attr><attr><attrlabl Sync="TRUE">link</attrlabl><attalias Sync="TRUE">link</attalias><attrtype Sync="TRUE">String</attrtype><attwidth Sync="TRUE">254</attwidth><atprecis Sync="TRUE">0</atprecis><attscale Sync="TRUE">0</attscale></attr></detailed></eainfo><mdDateSt Sync="TRUE">20130524</mdDateSt></metadata>
