<?xml version="1.0" encoding="UTF-8"?>
<metadata xml:lang="de"><Esri><CreaDate>20180930</CreaDate><CreaTime>20310900</CreaTime><ArcGISFormat>1.0</ArcGISFormat><SyncOnce>TRUE</SyncOnce><DataProperties><itemProps><itemLocation><linkage Sync="TRUE">file://\\WALSE\C$\Lucci\GEO_403\data\VGTB_LandCover_2010_v2.tif</linkage><protocol Sync="TRUE">Local Area Network</protocol></itemLocation></itemProps><copyHistory><copy source="C:\Lucci\Landslide\lanu\Land_Cover_2010_updated\VGTB_LandCover_2010_v2.tif" dest="\\WALSE\C$\Lucci\GEO_403\data\VGTB_LandCover_2010_v2.tif" date="20180930" time="20310900"></copy></copyHistory></DataProperties></Esri></metadata>
