<?xml version="1.0" encoding="UTF-8"?>
<metadata xml:lang="de"><Esri><CreaDate>20180928</CreaDate><CreaTime>17094400</CreaTime><ArcGISFormat>1.0</ArcGISFormat><SyncOnce>TRUE</SyncOnce><DataProperties><lineage><Process ToolSource="c:\program files\arcgis\desktop10.0\ArcToolbox\Toolboxes\Spatial Analyst Tools.tbx\Reclassify" Date="20130717" Time="120050">Reclassify mosaik_slid VALUE "0 777 1" D:\Lucci\Landslide\slide\raster\all_slides2 DATA</Process></lineage><itemProps><itemLocation><linkage Sync="TRUE">file://\\WALSE\C$\Lucci\GEO_403\data\landslides\all_slides</linkage><protocol Sync="TRUE">Local Area Network</protocol></itemLocation></itemProps><copyHistory><copy source="C:\Lucci\Landslide\slide\raster\all_slides" dest="\\WALSE\C$\Lucci\GEO_403\data\landslides\all_slides" date="20180928" time="17094400"></copy></copyHistory></DataProperties></Esri></metadata>
