<?xml version="1.0" encoding="UTF-8"?>
<metadata xml:lang="vi"><Esri><CreaDate>20180930</CreaDate><CreaTime>21114200</CreaTime><SyncOnce>FALSE</SyncOnce><ArcGISFormat>1.0</ArcGISFormat><DataProperties><lineage><Process ToolSource="C:\Program Files\ArcGIS\Desktop10.0\ArcToolbox\Toolboxes\Data Management Tools.tbx\CalculateField" Date="20110621" Time="173452" Name="" export="">CalculateField kommune_utm48 Area_code srudy_area VB #</Process><Process ToolSource="C:\Program Files\ArcGIS\Desktop10.0\ArcToolbox\Toolboxes\Data Management Tools.tbx\CalculateField" Date="20110621" Time="173506" Name="" export="">CalculateField kommune_utm48 Area_code 1 VB #</Process><Process ToolSource="C:\Program Files\ArcGIS\Desktop10.0\ArcToolbox\Toolboxes\Data Management Tools.tbx\CalculateField" Date="20110621" Time="173716" Name="" export="">CalculateField kommune_utm48 Area_code 1 VB #</Process><Process ToolSource="C:\Program Files\ArcGIS\Desktop10.0\ArcToolbox\Toolboxes\Conversion Tools.tbx\FeatureClassToFeatureClass" Date="20110622" Time="102012" Name="" export="">FeatureClassToFeatureClass D:\Arbeit\LUCCi_Data\Working_data\kommune_utm48.shp D:\Arbeit\Working_data\Vietnam.mdb\Boundary Kommune_utm48n # "COMMUNES "COMMUNES" true true false 11 Double 0 11 ,First,#,D:\Arbeit\LUCCi_Data\Working_data\kommune_utm48.shp,COMMUNES,-1,-1;HIS_ZoneID "HIS_ZoneID" true true false 19 Double 6 18 ,First,#,D:\Arbeit\LUCCi_Data\Working_data\kommune_utm48.shp,HIS_ZoneID,-1,-1;Com_ID "Com_ID" true true false 19 Double 6 18 ,First,#,D:\Arbeit\LUCCi_Data\Working_data\kommune_utm48.shp,Com_ID,-1,-1;Com_Nam "Com_Nam" true true false 254 Text 0 0 ,First,#,D:\Arbeit\LUCCi_Data\Working_data\kommune_utm48.shp,Com_Nam,-1,-1;COMMUNIE "COMMUNIE" true true false 254 Text 0 0 ,First,#,D:\Arbeit\LUCCi_Data\Working_data\kommune_utm48.shp,COMMUNIE,-1,-1;COMMUNES_1 "COMMUNES_1" true true false 19 Double 6 18 ,First,#,D:\Arbeit\LUCCi_Data\Working_data\kommune_utm48.shp,COMMUNES_1,-1,-1;HUYEN "HUYEN" true true false 254 Text 0 0 ,First,#,D:\Arbeit\LUCCi_Data\Working_data\kommune_utm48.shp,HUYEN,-1,-1;DISTRICT "DISTRICT" true true false 254 Text 0 0 ,First,#,D:\Arbeit\LUCCi_Data\Working_data\kommune_utm48.shp,DISTRICT,-1,-1;TINH "TINH" true true false 254 Text 0 0 ,First,#,D:\Arbeit\LUCCi_Data\Working_data\kommune_utm48.shp,TINH,-1,-1;PROVINCE "PROVINCE" true true false 254 Text 0 0 ,First,#,D:\Arbeit\LUCCi_Data\Working_data\kommune_utm48.shp,PROVINCE,-1,-1;CAPHC "CAPHC" true true false 254 Text 0 0 ,First,#,D:\Arbeit\LUCCi_Data\Working_data\kommune_utm48.shp,CAPHC,-1,-1;AD_LEVEL "AD_LEVEL" true true false 254 Text 0 0 ,First,#,D:\Arbeit\LUCCi_Data\Working_data\kommune_utm48.shp,AD_LEVEL,-1,-1;DANSO "DANSO" true true false 19 Double 6 18 ,First,#,D:\Arbeit\LUCCi_Data\Working_data\kommune_utm48.shp,DANSO,-1,-1;DIENTICH "DIENTICH" true true false 19 Double 6 18 ,First,#,D:\Arbeit\LUCCi_Data\Working_data\kommune_utm48.shp,DIENTICH,-1,-1;PRO_CITI "PRO_CITI" true true false 19 Double 6 18 ,First,#,D:\Arbeit\LUCCi_Data\Working_data\kommune_utm48.shp,PRO_CITI,-1,-1;CODE_URBAN "CODE_URBAN" true true false 19 Double 6 18 ,First,#,D:\Arbeit\LUCCi_Data\Working_data\kommune_utm48.shp,CODE_URBAN,-1,-1;F16 "F16" true true false 254 Text 0 0 ,First,#,D:\Arbeit\LUCCi_Data\Working_data\kommune_utm48.shp,F16,-1,-1;Area_code "Area_code" true true false 20 Text 0 0 ,First,#,D:\Arbeit\LUCCi_Data\Working_data\kommune_utm48.shp,Area_code,-1,-1" #</Process><Process ToolSource="C:\Program Files\ArcGIS\Desktop10.0\ArcToolbox\Toolboxes\Data Management Tools.tbx\Dissolve" Date="20110706" Time="132533" Name="" export="">Dissolve district_tya_tra D:\Arbeit\LUCCi_Data\Working_data\tya_tra_district_dissolve.shp HIS_ZoneID # MULTI_PART DISSOLVE_LINES</Process><Process ToolSource="C:\Program Files\ArcGIS\Desktop10.0\ArcToolbox\Toolboxes\Analysis Tools.tbx\Union" Date="20110706" Time="132614" Name="" export="">Union "tya_tra_district_dissolve #;District #" D:\Arbeit\LUCCi_Data\Working_data\Admin_final\all_study_dist.shp ALL # GAPS</Process><Process ToolSource="C:\Program Files (x86)\ArcGIS\Desktop10.0\ArcToolbox\Toolboxes\Analysis Tools.tbx\Union" Date="20110720" Time="152734" Name="" export="">Union "dist #;last_dist #" D:\Lucci\temp\unio.shp ALL # GAPS</Process><Process ToolSource="C:\Program Files (x86)\ArcGIS\Desktop10.0\ArcToolbox\Toolboxes\Analysis Tools.tbx\Union" Date="20110720" Time="154650" Name="" export="">Union "unio #;basin_all_commune #" D:\Lucci\temp\final_commune.shp ALL # GAPS</Process><Process ToolSource="C:\Program Files (x86)\ArcGIS\Desktop10.0\ArcToolbox\Toolboxes\Data Management Tools.tbx\CalculateField" Date="20110720" Time="160356" Name="" export="">CalculateField commune_update Area_cod_2 1 VB #</Process><Process ToolSource="C:\Program Files (x86)\ArcGIS\Desktop10.0\ArcToolbox\Toolboxes\Data Management Tools.tbx\Dissolve" Date="20110720" Time="160431" Name="" export="">Dissolve commune_update D:\Lucci\temp\total_commune_dissolve.shp Area_cod_2 # MULTI_PART DISSOLVE_LINES</Process><Process ToolSource="C:\Program Files\ArcGIS\Desktop10.0\ArcToolbox\Toolboxes\Conversion Tools.tbx\FeatureClassToFeatureClass" Date="20110725" Time="135231">FeatureClassToFeatureClass D:\Arbeit\Working_data\Final_data\Boundary\Kommune_boundary.shp D:\Arbeit\Working_data\Vietnam.mdb\Boundary_VGTB Kommune_outerbnd # "OBJECTID "OBJECTID" true true false 9 Long 0 9 ,First,#,D:\Arbeit\Working_data\Final_data\Boundary\Kommune_boundary.shp,OBJECTID,-1,-1;Area_cod_2 "Area_cod_2" true true false 20 Text 0 0 ,First,#,D:\Arbeit\Working_data\Final_data\Boundary\Kommune_boundary.shp,Area_cod_2,-1,-1;Shape_Leng "Shape_Leng" true true false 19 Double 0 0 ,First,#,D:\Arbeit\Working_data\Final_data\Boundary\Kommune_boundary.shp,Shape_Leng,-1,-1;Shape_Area "Shape_Area" true true false 19 Double 0 0 ,First,#,D:\Arbeit\Working_data\Final_data\Boundary\Kommune_boundary.shp,Shape_Area,-1,-1" #</Process><Process ToolSource="C:\Program Files (x86)\ArcGIS\Desktop10.0\ArcToolbox\Toolboxes\Data Management Tools.tbx\CopyFeatures" Date="20110725" Time="140515">CopyFeatures D:\Arbeit\Working_data\Vietnam.mdb\Boundary_VGTB\Kommune_outerbnd D:\Arbeit\Working_data\Final_data\Boundary\Kommune_outerbnd.shp # 0 0 0</Process><Process ToolSource="C:\Program Files (x86)\ArcGIS\Desktop10.0\ArcToolbox\Toolboxes\Analysis Tools.tbx\Union" Date="20110914" Time="125058">Union "projectArea #;cutting_edge_area #" D:\Arbeit\Temp\14_9_2011_temp_projectarea\append_project_area.shp ALL # GAPS</Process></lineage><itemProps><itemName Sync="TRUE">append_project_area</itemName><imsContentType Sync="TRUE">002</imsContentType><itemLocation><linkage Sync="TRUE">file://\\WALSE\C$\Lucci\GEO_403\data\general\Project_area-27_09_11</linkage><protocol Sync="TRUE">Local Area Network</protocol></itemLocation><itemSize Sync="TRUE">0.000</itemSize><nativeExtBox><westBL Sync="TRUE">736822.231400</westBL><eastBL Sync="TRUE">901389.707900</eastBL><southBL Sync="TRUE">1655357.516800</southBL><northBL Sync="TRUE">1796531.796500</northBL><exTypeCode Sync="TRUE">1</exTypeCode></nativeExtBox></itemProps><coordRef><type Sync="TRUE">Projected</type><geogcsn Sync="TRUE">GCS_WGS_1984</geogcsn><projcsn Sync="TRUE">WGS_1984_UTM_Zone_48N</projcsn><peXml Sync="TRUE">&lt;ProjectedCoordinateSystem xsi:type='typens:ProjectedCoordinateSystem' xmlns:xsi='http://www.w3.org/2001/XMLSchema-instance' xmlns:xs='http://www.w3.org/2001/XMLSchema' xmlns:typens='http://www.esri.com/schemas/ArcGIS/10.0'&gt;&lt;WKT&gt;PROJCS[&amp;quot;WGS_1984_UTM_Zone_48N&amp;quot;,GEOGCS[&amp;quot;GCS_WGS_1984&amp;quot;,DATUM[&amp;quot;D_WGS_1984&amp;quot;,SPHEROID[&amp;quot;WGS_1984&amp;quot;,6378137.0,298.257223563]],PRIMEM[&amp;quot;Greenwich&amp;quot;,0.0],UNIT[&amp;quot;Degree&amp;quot;,0.0174532925199433]],PROJECTION[&amp;quot;Transverse_Mercator&amp;quot;],PARAMETER[&amp;quot;False_Easting&amp;quot;,500000.0],PARAMETER[&amp;quot;False_Northing&amp;quot;,0.0],PARAMETER[&amp;quot;Central_Meridian&amp;quot;,105.0],PARAMETER[&amp;quot;Scale_Factor&amp;quot;,0.9996],PARAMETER[&amp;quot;Latitude_Of_Origin&amp;quot;,0.0],UNIT[&amp;quot;Meter&amp;quot;,1.0],AUTHORITY[&amp;quot;EPSG&amp;quot;,32648]]&lt;/WKT&gt;&lt;XOrigin&gt;-5120900&lt;/XOrigin&gt;&lt;YOrigin&gt;-9998100&lt;/YOrigin&gt;&lt;XYScale&gt;450445547.3910538&lt;/XYScale&gt;&lt;ZOrigin&gt;-100000&lt;/ZOrigin&gt;&lt;ZScale&gt;10000&lt;/ZScale&gt;&lt;MOrigin&gt;-100000&lt;/MOrigin&gt;&lt;MScale&gt;10000&lt;/MScale&gt;&lt;XYTolerance&gt;0.001&lt;/XYTolerance&gt;&lt;ZTolerance&gt;0.001&lt;/ZTolerance&gt;&lt;MTolerance&gt;0.001&lt;/MTolerance&gt;&lt;HighPrecision&gt;true&lt;/HighPrecision&gt;&lt;WKID&gt;32648&lt;/WKID&gt;&lt;/ProjectedCoordinateSystem&gt;</peXml></coordRef><copyHistory><copy source="C:\Lucci\GEO_403\data\Project_area-27_09_11" dest="\\WALSE\C$\Lucci\GEO_403\data\general\Project_area-27_09_11" date="20180930" time="21124300"></copy></copyHistory></DataProperties><SyncDate>20110914</SyncDate><SyncTime>12505700</SyncTime><ModDate>20110914</ModDate><ModTime>12505700</ModTime><ArcGISstyle>North American Profile of ISO19115 2003</ArcGISstyle><ArcGISProfile>NAP</ArcGISProfile></Esri><idinfo><citation><citeinfo><onlink Sync="TRUE">\\HAVAN\E\Topo Map\Danang_topomap_50k\Shp\00_Administrative\Admin_50k\A_SA_Commune_CSCode_wdata7_UTM48</onlink></citeinfo></citation></idinfo><distInfo><distributor><distorTran><onLineSrc><linkage Sync="TRUE">file://\\HAVAN\E\Topo Map\Danang_topomap_50k\Shp\00_Administrative\Admin_50k\A_SA_Commune_CSCode_wdata7_UTM48</linkage><protocol Sync="TRUE">Local Area Network</protocol></onLineSrc></distorTran></distributor><distFormat><formatName Sync="TRUE">Shapefile</formatName></distFormat><distTranOps><transSize Sync="TRUE">0.000</transSize></distTranOps></distInfo><dataqual><lineage><procstep><procdesc Sync="TRUE">Dataset copied.</procdesc><srcused Sync="TRUE">E:\Topo Map\Da Nang geodatabase 10k\Shp\00_Administrative\Admin_10k\A_SA_Commune_CSCode_wdata7_UTM48</srcused><date Sync="TRUE">20090714</date><time Sync="TRUE">09084900</time></procstep></lineage></dataqual><dataIdInfo><envirDesc Sync="TRUE">Microsoft Windows Server 2008 R2 Version 6.1 (Build 7601) Service Pack 1; ESRI ArcGIS 10.0.2.3200</envirDesc><dataLang><languageCode value="eng" country="USA"/><countryCode value="deu"/></dataLang><idCitation xmlns=""><resTitle Sync="TRUE">append_project_area</resTitle><presForm><PresFormCd value="005"/></presForm><resEd>2nd</resEd><citRespParty xmlns=""><rpIndName>Firoz, A.B.m</rpIndName><rpOrgName>ITT</rpOrgName><rpPosName>Researcher</rpPosName><role><RoleCd value="008"/></role></citRespParty></idCitation><descKeys><thesaName uuidref="723f6998-058e-11dc-8314-0800200c9a66"/><keyword Sync="TRUE">002</keyword></descKeys><spatRpType><SpatRepTypCd value="001"/></spatRpType><dataExt xmlns=""><geoEle xmlns=""><GeoBndBox esriExtentType="search"><westBL Sync="TRUE">107.201988</westBL><eastBL Sync="TRUE">108.753384</eastBL><northBL Sync="TRUE">16.237901</northBL><southBL Sync="TRUE">14.942668</southBL><exTypeCode Sync="TRUE">1</exTypeCode></GeoBndBox></geoEle></dataExt><idPurp>This data is for LUCCI Project</idPurp><idAbs>&lt;DIV STYLE="text-align:Left;"&gt;&lt;DIV&gt;&lt;DIV&gt;&lt;P STYLE="margin:0 0 14 0;"&gt;&lt;SPAN&gt;&lt;SPAN&gt;The Kommune boundary has been retrieved from &lt;/SPAN&gt;&lt;/SPAN&gt;&lt;SPAN STYLE="font-size:10pt"&gt;&lt;SPAN&gt;Vietnam Ministry of Environment and Natural Resources (MONRE).&lt;/SPAN&gt;&lt;/SPAN&gt;&lt;SPAN&gt;The projection system is WGS 84, UTM 48 N. The Kommune boundary has been updated based on the Land use map 2010 of MONRE. The original data was in microstation file format which has been later converted in Arc GIS shape file format. The updated commune boundary has been overly on the old MONRE adminstrative boundary and updated accordingly.Apart from Quang Nang and Da Nang province, it also contain the kommune bounary of Kom Tum and Quan Ngai on the West and South respectively&lt;/SPAN&gt;&lt;/P&gt;&lt;/DIV&gt;&lt;/DIV&gt;&lt;/DIV&gt;</idAbs><idCredit>Firoz, A.B.M, Institute for Technology and Resources Management in the Tropics and Subtropics (ITT), Fh-Köln</idCredit><searchKeys><keyword>Kommune Boundary (Basin Watershed)</keyword></searchKeys><dataChar><CharSetCd value="004"/></dataChar><idPoC><rpIndName>Firoz, A.B.M</rpIndName><rpOrgName>ITT</rpOrgName><rpPosName>Researcher</rpPosName><rpCntInfo xmlns=""><cntAddress><eMailAdd>abm.firoz@fh-koeln.de</eMailAdd></cntAddress></rpCntInfo><role><RoleCd value="008"/></role></idPoC><resMaint xmlns=""><maintFreq><MaintFreqCd value="011"/></maintFreq><maintScp><ScopeCd value="001"/></maintScp></resMaint><tpCat><TopicCatCd value="003"/></tpCat></dataIdInfo><mdLang><languageCode value="eng"/><countryCode value="deu"/></mdLang><mdHrLv><ScopeCd value="005"/></mdHrLv><mdHrLvName Sync="TRUE">dataset</mdHrLvName><refSysInfo><RefSystem><refSysID xmlns=""><identCode code="32648"/><idCodeSpace Sync="TRUE">EPSG</idCodeSpace><idVersion Sync="TRUE">7.4.1</idVersion></refSysID></RefSystem></refSysInfo><spdoinfo><ptvctinf><esriterm Name="append_project_area"><efeatyp Sync="TRUE">Simple</efeatyp><efeageom Sync="TRUE">4</efeageom><esritopo Sync="TRUE">FALSE</esritopo><efeacnt Sync="TRUE">0</efeacnt><spindex Sync="TRUE">FALSE</spindex><linrefer Sync="TRUE">FALSE</linrefer></esriterm></ptvctinf></spdoinfo><spatRepInfo><VectSpatRep><topLvl><TopoLevCd value="001"/></topLvl><geometObjs><geoObjTyp><GeoObjTypCd value="002"/><geoObjCnt Sync="TRUE">0</geoObjCnt></geoObjTyp></geometObjs></VectSpatRep></spatRepInfo><eainfo><detailed Name="append_project_area"><enttyp><enttypl Sync="TRUE">append_project_area</enttypl><enttypt Sync="TRUE">Feature Class</enttypt><enttypc Sync="TRUE">0</enttypc></enttyp><attr><attrlabl Sync="TRUE">FID</attrlabl><attalias Sync="TRUE">FID</attalias><attrtype Sync="TRUE">OID</attrtype><attwidth Sync="TRUE">4</attwidth><atprecis Sync="TRUE">0</atprecis><attscale Sync="TRUE">0</attscale><attrdef Sync="TRUE">Internal feature number.</attrdef><attrdefs Sync="TRUE">ESRI</attrdefs><attrdomv><udom Sync="TRUE">Sequential unique whole numbers that are automatically generated.</udom></attrdomv></attr><attr><attrlabl Sync="TRUE">Shape</attrlabl><attalias Sync="TRUE">Shape</attalias><attrtype Sync="TRUE">Geometry</attrtype><attwidth Sync="TRUE">0</attwidth><atprecis Sync="TRUE">0</atprecis><attscale Sync="TRUE">0</attscale><attrdef Sync="TRUE">Feature geometry.</attrdef><attrdefs Sync="TRUE">ESRI</attrdefs><attrdomv><udom Sync="TRUE">Coordinates defining the features.</udom></attrdomv></attr><attr><attrlabl Sync="TRUE">FID_projec</attrlabl><attalias Sync="TRUE">FID_projec</attalias><attrtype Sync="TRUE">Integer</attrtype><attwidth Sync="TRUE">9</attwidth><atprecis Sync="TRUE">9</atprecis><attscale Sync="TRUE">0</attscale></attr><attr><attrlabl Sync="TRUE">OBJECTID</attrlabl><attalias Sync="TRUE">OBJECTID</attalias><attrtype Sync="TRUE">Integer</attrtype><attwidth Sync="TRUE">9</attwidth><atprecis Sync="TRUE">9</atprecis><attscale Sync="TRUE">0</attscale></attr><attr><attrlabl Sync="TRUE">Area_cod_2</attrlabl><attalias Sync="TRUE">Area_cod_2</attalias><attrtype Sync="TRUE">String</attrtype><attwidth Sync="TRUE">20</attwidth><atprecis Sync="TRUE">0</atprecis><attscale Sync="TRUE">0</attscale></attr><attr><attrlabl Sync="TRUE">Shape_Leng</attrlabl><attalias Sync="TRUE">Shape_Leng</attalias><attrtype Sync="TRUE">Double</attrtype><attwidth Sync="TRUE">19</attwidth><atprecis Sync="TRUE">0</atprecis><attscale Sync="TRUE">0</attscale></attr><attr><attrlabl Sync="TRUE">Shape_Le_1</attrlabl><attalias Sync="TRUE">Shape_Le_1</attalias><attrtype Sync="TRUE">Double</attrtype><attwidth Sync="TRUE">19</attwidth><atprecis Sync="TRUE">0</atprecis><attscale Sync="TRUE">0</attscale></attr><attr><attrlabl Sync="TRUE">Shape_Area</attrlabl><attalias Sync="TRUE">Shape_Area</attalias><attrtype Sync="TRUE">Double</attrtype><attwidth Sync="TRUE">19</attwidth><atprecis Sync="TRUE">0</atprecis><attscale Sync="TRUE">0</attscale><attrdef Sync="TRUE">Area of feature in internal units squared.</attrdef><attrdefs Sync="TRUE">ESRI</attrdefs><attrdomv><udom Sync="TRUE">Positive real numbers that are automatically generated.</udom></attrdomv></attr><attr><attrlabl Sync="TRUE">FID_cuttin</attrlabl><attalias Sync="TRUE">FID_cuttin</attalias><attrtype Sync="TRUE">Integer</attrtype><attwidth Sync="TRUE">9</attwidth><atprecis Sync="TRUE">9</atprecis><attscale Sync="TRUE">0</attscale></attr><attr><attrlabl Sync="TRUE">FID_Basin_</attrlabl><attalias Sync="TRUE">FID_Basin_</attalias><attrtype Sync="TRUE">Integer</attrtype><attwidth Sync="TRUE">9</attwidth><atprecis Sync="TRUE">9</atprecis><attscale Sync="TRUE">0</attscale></attr><attr><attrlabl Sync="TRUE">OBJECTID_1</attrlabl><attalias Sync="TRUE">OBJECTID_1</attalias><attrtype Sync="TRUE">Double</attrtype><attwidth Sync="TRUE">11</attwidth><atprecis Sync="TRUE">11</atprecis><attscale Sync="TRUE">0</attscale></attr><attr><attrlabl Sync="TRUE">FID_KOMMUN</attrlabl><attalias Sync="TRUE">FID_KOMMUN</attalias><attrtype Sync="TRUE">Double</attrtype><attwidth Sync="TRUE">11</attwidth><atprecis Sync="TRUE">11</atprecis><attscale Sync="TRUE">0</attscale></attr><attr><attrlabl Sync="TRUE">SHAPE_LE_2</attrlabl><attalias Sync="TRUE">SHAPE_LE_2</attalias><attrtype Sync="TRUE">Double</attrtype><attwidth Sync="TRUE">19</attwidth><atprecis Sync="TRUE">18</atprecis><attscale Sync="TRUE">10</attscale></attr><attr><attrlabl Sync="TRUE">SHAPE_LE_3</attrlabl><attalias Sync="TRUE">SHAPE_LE_3</attalias><attrtype Sync="TRUE">Double</attrtype><attwidth Sync="TRUE">19</attwidth><atprecis Sync="TRUE">18</atprecis><attscale Sync="TRUE">10</attscale></attr><attr><attrlabl Sync="TRUE">SHAPE_AR_1</attrlabl><attalias Sync="TRUE">SHAPE_AR_1</attalias><attrtype Sync="TRUE">Double</attrtype><attwidth Sync="TRUE">19</attwidth><atprecis Sync="TRUE">18</atprecis><attscale Sync="TRUE">10</attscale></attr><attr><attrlabl Sync="TRUE">FID_Basin1</attrlabl><attalias Sync="TRUE">FID_Basin1</attalias><attrtype Sync="TRUE">Integer</attrtype><attwidth Sync="TRUE">9</attwidth><atprecis Sync="TRUE">9</atprecis><attscale Sync="TRUE">0</attscale></attr><attr><attrlabl Sync="TRUE">Basin</attrlabl><attalias Sync="TRUE">Basin</attalias><attrtype Sync="TRUE">String</attrtype><attwidth Sync="TRUE">50</attwidth><atprecis Sync="TRUE">0</atprecis><attscale Sync="TRUE">0</attscale></attr><attr><attrlabl Sync="TRUE">Area</attrlabl><attalias Sync="TRUE">Area</attalias><attrtype Sync="TRUE">Double</attrtype><attwidth Sync="TRUE">19</attwidth><atprecis Sync="TRUE">0</atprecis><attscale Sync="TRUE">0</attscale></attr></detailed></eainfo><mdDateSt Sync="TRUE">20110914</mdDateSt><mdChar><CharSetCd value="004"/></mdChar><mdContact><rpIndName>Firoz, A.B.M</rpIndName><rpOrgName>ITT</rpOrgName><rpPosName>Researcher</rpPosName><role><RoleCd value="008"/></role></mdContact><mdMaint xmlns=""><maintFreq><MaintFreqCd value="009"/></maintFreq><maintScp><ScopeCd value="001"/></maintScp></mdMaint></metadata>
