<PAMDataset>
  <PAMRasterBand band="1">
    <Description>usg</Description>
    <NoDataValue>6.55350000000000E+04</NoDataValue>
    <Histograms>
      <HistItem>
        <HistMin>-0,5</HistMin>
        <HistMax>0,5</HistMax>
        <BucketCount>1</BucketCount>
        <IncludeOutOfRange>1</IncludeOutOfRange>
        <Approximate>0</Approximate>
        <HistCounts>13691508</HistCounts>
      </HistItem>
      <HistItem>
        <HistMin>0</HistMin>
        <HistMax>0</HistMax>
        <BucketCount>1</BucketCount>
        <IncludeOutOfRange>0</IncludeOutOfRange>
        <Approximate>0</Approximate>
        <HistCounts>13691508</HistCounts>
      </HistItem>
    </Histograms>
    <Metadata>
      <MDI key="STATISTICS_MAXIMUM">0</MDI>
      <MDI key="STATISTICS_MEAN">0</MDI>
      <MDI key="STATISTICS_MINIMUM">0</MDI>
      <MDI key="STATISTICS_SKIPFACTORX">1</MDI>
      <MDI key="STATISTICS_SKIPFACTORY">1</MDI>
      <MDI key="STATISTICS_STDDEV">0</MDI>
      <MDI key="STATISTICS_VALID_PERCENT">51.66</MDI>
    </Metadata>
  </PAMRasterBand>
</PAMDataset>
