<?xml version="1.0" encoding="UTF-8"?>
<metadata xml:lang="de"><Esri><CreaDate>20180930</CreaDate><CreaTime>21123000</CreaTime><ArcGISFormat>1.0</ArcGISFormat><SyncOnce>TRUE</SyncOnce><DataProperties><itemProps><itemLocation><linkage Sync="TRUE">file://\\WALSE\C$\Lucci\GEO_403\data\general\usg</linkage><protocol Sync="TRUE">Local Area Network</protocol></itemLocation></itemProps><copyHistory><copy source="C:\Lucci\Landslide\general_gis\usg" dest="\\WALSE\C$\Lucci\GEO_403\data\general\usg" date="20180930" time="21123000"></copy></copyHistory></DataProperties></Esri></metadata>
