<?xml version="1.0" encoding="UTF-8"?>
<metadata xml:lang="de"><Esri><CreaDate>20180930</CreaDate><CreaTime>20315400</CreaTime><ArcGISFormat>1.0</ArcGISFormat><SyncOnce>TRUE</SyncOnce><DataProperties><lineage><Process ToolSource="c:\program files\arcgis\desktop10.0\ArcToolbox\Toolboxes\Spatial Analyst Tools.tbx\Fill" Date="20130716" Time="200823">Fill D:\Lucci\Landslide\dgm\dgm30q3 D:\Lucci\Landslide\dgm\fill_dgmq3 #</Process></lineage><itemProps><itemLocation><linkage Sync="TRUE">file://\\WALSE\C$\Lucci\GEO_403\data\fill_dgmq3</linkage><protocol Sync="TRUE">Local Area Network</protocol></itemLocation></itemProps><copyHistory><copy source="C:\Lucci\Landslide\dgm\fill_dgmq3" dest="\\WALSE\C$\Lucci\GEO_403\data\fill_dgmq3" date="20180930" time="20315400"></copy></copyHistory></DataProperties></Esri></metadata>
