<?xml version="1.0" encoding="UTF-8"?>
<metadata xml:lang="de"><Esri><CreaDate>20180930</CreaDate><CreaTime>21211400</CreaTime><ArcGISFormat>1.0</ArcGISFormat><SyncOnce>TRUE</SyncOnce><DataProperties><lineage><Process ToolSource="c:\program files\arcgis\desktop10.0\ArcToolbox\Toolboxes\Spatial Analyst Tools.tbx\ExtractByMask" Date="20130717" Time="164934">ExtractByMask waterriver_bu plus_all3 D:\Lucci\Landslide\water\waterriver_u</Process></lineage><itemProps><itemLocation><linkage Sync="TRUE">file://\\WALSE\C$\Lucci\GEO_403\data\waterriver_u</linkage><protocol Sync="TRUE">Local Area Network</protocol></itemLocation></itemProps><copyHistory><copy source="C:\Lucci\Landslide\water\waterriver_u" dest="\\WALSE\C$\Lucci\GEO_403\data\waterriver_u" date="20180930" time="21211400"></copy></copyHistory></DataProperties></Esri></metadata>
