<?xml version="1.0" encoding="UTF-8"?>
<metadata xml:lang="de"><Esri><CreaDate>20180930</CreaDate><CreaTime>20281800</CreaTime><ArcGISFormat>1.0</ArcGISFormat><SyncOnce>TRUE</SyncOnce><DataProperties><lineage><Process ToolSource="c:\program files\arcgis\desktop10.0\ArcToolbox\Toolboxes\Spatial Analyst Tools.tbx\ExtractByMask" Date="20130714" Time="185754">ExtractByMask soil_finish plus_all2_one D:\Lucci\Landslide\soil\soil1</Process></lineage><itemProps><itemLocation><linkage Sync="TRUE">file://\\WALSE\C$\Lucci\GEO_403\data\soil1</linkage><protocol Sync="TRUE">Local Area Network</protocol></itemLocation></itemProps><copyHistory><copy source="C:\Lucci\Landslide\soil\soil1" dest="\\WALSE\C$\Lucci\GEO_403\data\soil1" date="20180930" time="20281800"></copy></copyHistory></DataProperties></Esri></metadata>
