<?xml version="1.0" encoding="UTF-8"?>
<metadata xml:lang="de"><Esri><CreaDate>20181007</CreaDate><CreaTime>16325900</CreaTime><ArcGISFormat>1.0</ArcGISFormat><SyncOnce>TRUE</SyncOnce><DataProperties><itemProps><itemLocation><linkage Sync="TRUE">file://\\WALSE\C$\Lucci\GEO_403\data\precipitation\precip_data</linkage><protocol Sync="TRUE">Local Area Network</protocol></itemLocation></itemProps><copyHistory><copy source="C:\Lucci\Landslide\precip\GIS_corr_val\precip_data" dest="\\WALSE\C$\Lucci\GEO_403\data\precipitation\precip_data" date="20181007" time="16325900"></copy></copyHistory></DataProperties></Esri></metadata>
